wapapa,wowowow
776,12
887,8
788,6
637,10
655,10
784,12
783,5
804,11
787,8
802,9
961,6
915,9
899,9
619,9
863,10
889,12
787,4
694,5
863,7
789,7
695,12
657,12
643,4
682,9
819,6
954,4
945,5
902,8
890,6
915,9
910,4
961,8
779,8
923,6
919,12
675,9
711,9
681,12
753,6
845,10
837,8
818,10
969,7
618,11
936,11
633,12
837,6
986,11
635,6
647,12
952,8
656,10
961,6
923,12
811,10
956,7
826,9
645,9
730,8
614,9
835,10
698,8
741,8
675,5
738,4
752,7
839,4
894,6
626,5
775,7
792,9
886,4
669,11
776,11
805,10
914,12
892,8
848,7
662,5
866,7
649,11
660,12
913,6
624,8
966,11
979,9
755,12
659,6
832,9
708,11
782,10
885,5
622,9
841,11
803,8
887,6
917,5
940,10
627,8
763,5
716,8
895,8
680,4
682,11
714,11
930,10
933,5
942,12
739,9
723,7
816,10
767,11
925,8
781,8
864,6
760,12
638,11
697,7
869,4
695,7
665,11
824,10
789,7
852,11
613,10
869,11
826,7
765,10
625,6
920,6
621,12
807,8
810,7
799,12
636,12
754,7
860,12
990,12
726,9
819,8
717,10
771,6
783,9
659,12
829,10
712,5
635,4
612,8
804,5
729,7
614,5
605,9
892,10
652,12
951,9
765,8
872,10
936,11
726,7
862,9
778,4
672,8
669,8
625,5
856,7
830,10
992,7
648,10
998,11
905,12
633,9
900,7
774,4
693,11
843,4
708,6
874,8
881,11
799,9
615,12
714,6
765,9
675,9
805,12
987,4
814,9
866,11
607,7
745,12
909,10
897,10
979,7
672,4
647,12
916,10
637,4
915,8
764,4
619,8
842,7
898,8
755,7
710,5
915,5
628,6
843,6
960,6
876,4
957,7
660,4
890,11
850,4
723,6
918,10
944,10
771,8
706,6
832,10
811,4
890,12
682,12
758,12
666,10
920,4
804,10
970,4
750,11
749,8
984,11
841,11
831,10
833,6
657,9
936,8
754,7
886,6
918,12
992,12
794,8
829,8
997,5
717,6
659,10
831,6
768,11
797,6
600,8
839,6
941,8
763,7
638,6
784,12
698,5
867,8
643,11
980,4
748,5
704,9
976,4
933,12
608,6
900,10
889,10
739,9
678,6
780,9
682,7
732,5
918,7
853,9
604,6
687,4
665,7
651,7
754,5
823,5
708,10
828,10
682,7
957,12
678,4
919,4
747,12
866,7
808,11
945,10
692,8
954,10
722,8
667,6
821,8
906,5
958,4
968,11
885,8
873,8
701,4
770,7
913,11
637,9
837,8
950,4
671,6
939,12
705,4
950,11
600,10
965,10
933,6
832,5
823,8
859,7
633,8
759,9
617,4
698,11
957,5
866,9
789,5
942,11
604,5
674,12
992,8
787,6
615,12
739,5
924,5
621,7
997,7
652,5
987,5
655,6
873,6
753,11
933,12
928,10
812,10
957,7
715,6
631,9
825,6
619,6
950,4
884,9
966,5
882,12
856,11
726,11
930,4
855,10
853,6
765,5
998,9
984,10
839,7
836,7
635,8
893,7
773,5
783,10
666,4
809,7
836,4
879,6
721,12
783,5
624,5
869,8
952,12
994,12
850,9
920,11
606,4
938,8
679,10
826,11
955,6
703,9
948,6
868,12
726,10
711,5
715,10
950,6
873,12
612,9
913,9
976,11
899,12
634,11
736,9
842,7
986,5
717,8
842,8
796,12
722,7
624,12
858,5
825,10
647,7
792,9
694,7
618,9
693,5
719,12
928,5
923,11
733,7
799,6
756,12
735,5
780,7
897,8
860,12
632,6
821,9
638,10
835,11
661,4
644,6
738,6
788,7
710,12
790,8
878,12
779,9
637,8
638,4
771,5
625,12
908,6
884,10
742,5
826,8
713,8
791,9
706,10
610,8
634,8
682,12
814,4
605,5
975,10
828,12
704,7
825,10
654,9
960,7
773,10
809,11
683,4
834,8
772,9
664,11
640,10
763,7
897,9
934,11
603,5
715,10
788,5
611,4
920,4
616,12
809,6
852,8
829,5
661,10
605,11
996,6
825,9
952,6
719,6
877,4
733,8
645,8
665,11
819,4
868,8
841,12
980,10
741,12
921,7
823,4
801,10
989,9
751,5
876,7
844,10
899,10
682,7
896,10
750,5
965,8
826,10
883,9
615,7
677,12
950,8
937,8
699,6
632,4
921,12
967,11
642,9
846,12
728,11
685,9
866,8
627,12
769,5
995,10
686,7
903,5
826,9
792,12
670,12
807,7
958,6
832,4
649,11
764,6
856,7
815,8
986,4
946,12
841,11
877,10
723,7
973,8
922,7
832,12
871,10
911,5
985,4
756,10
897,9
995,9
777,7
935,10
777,6
879,12
989,4
649,4
686,10
930,6
905,11
638,9
626,11
745,6
851,11
922,7
683,9
818,6
850,10
814,4
657,4
624,5
658,11
798,12
701,5
808,7
975,10
804,9
925,8
969,10
964,9
928,12
931,7
767,6
958,6
734,12
742,6
652,4
766,9
824,4
681,7
611,6
943,6
605,6
739,8
941,10
795,11
999,12
736,11
930,12
661,8
905,9
901,7
935,7
782,9
737,9
994,4
623,7
654,6
676,5
643,7
755,9
984,11
